,age_last_funding_year,age_first_milestone_year,age_last_milestone_year,relationships,funding_rounds,funding_total_usd,milestones,is_otherstate,has_roundA,has_roundB,has_roundC,has_roundD,avg_participants,is_top500,status,closed_at_year,closed_at_month,first_funding_at_year
0,3,4,6,3,3,375000,3,0,0,0,0,0,1,0,1,2024,11,2009
1,9,7,7,9,4,40100000,1,0,0,1,1,1,4,1,1,2024,11,2005
2,1,1,2,5,1,2600000,2,0,1,0,0,0,4,1,1,2024,11,2010
3,5,6,6,5,3,40000000,1,0,0,1,1,1,3,1,1,2024,11,2005
4,1,0,0,2,2,1300000,1,0,0,0,0,0,1,1,0,2012,1,2010
5,4,5,5,3,1,7500000,1,0,0,1,0,0,3,1,0,2024,11,2006
6,5,3,6,6,3,26000000,2,0,1,1,0,0,1,1,1,2024,11,2006
7,6,5,7,25,3,34100000,3,0,1,1,0,1,3,1,1,2024,11,2005
8,11,8,9,13,3,9650000,4,0,1,0,0,1,4,1,1,2024,11,2005
9,4,2,6,14,3,5750000,4,0,1,0,0,0,1,1,1,2024,11,2007
10,9,10,10,22,3,27500000,3,0,1,1,0,0,1,1,1,2024,11,2005
11,5,0,4,8,5,10400000,2,0,1,0,0,0,1,1,0,2011,2,2007
12,4,0,0,0,1,350000,0,1,0,0,0,0,1,0,0,2024,11,2008
13,2,0,4,15,3,9950000,3,0,1,1,1,0,2,1,1,2024,11,2007
14,8,8,8,12,5,10700000,1,1,1,1,0,0,2,1,1,2024,11,2005
15,6,0,0,0,1,200000,0,1,0,0,0,0,1,0,0,2024,11,2005
16,6,5,5,8,5,49000000,1,0,1,1,1,1,3,1,0,2024,11,2005
17,7,0,12,7,4,25000000,3,0,1,1,1,1,3,1,1,2024,11,2005
18,1,1,3,10,3,4575000,3,0,1,0,0,0,5,1,1,2024,11,2010
19,2,3,3,13,2,28000000,3,0,1,1,0,0,1,1,0,2011,10,2009
20,3,4,9,8,2,4355000,3,0,1,0,0,0,1,0,1,2024,11,2003
21,3,3,3,3,1,15000000,1,1,0,1,0,0,2,1,0,2024,11,2007
22,5,0,0,1,1,3170000,1,0,1,0,0,0,2,0,0,2024,11,2007
23,3,3,5,4,2,2300000,3,0,1,0,0,0,2,0,0,2013,2,2007
24,0,0,0,5,2,455000,0,1,1,0,0,0,4,1,0,2010,1,2007
25,4,1,1,3,1,13000000,1,1,0,0,1,0,4,1,1,2024,11,2006
26,4,3,3,7,1,15000000,1,0,0,0,1,0,4,1,1,2024,11,2007
27,4,3,5,2,1,3800000,3,0,0,1,0,0,2,1,1,2024,11,2012
28,4,4,5,37,5,299500000,2,0,1,0,1,0,1,1,1,2024,11,2009
29,1,2,7,5,1,1000000,3,0,0,0,0,0,2,1,1,2024,11,2006
30,2,4,4,3,2,10500000,1,0,1,1,0,0,2,1,0,2024,11,2008
31,5,3,3,6,2,8600000,1,1,0,1,0,0,1,1,1,2024,11,2005
32,2,0,0,9,2,5000000,0,1,1,1,0,0,2,1,0,2024,11,2006
33,0,0,2,3,2,2304999,2,0,0,0,0,0,5,1,1,2024,11,2011
34,0,0,0,2,1,25000,0,1,0,0,0,0,1,0,0,2024,11,2009
35,2,0,0,1,1,4000000,1,0,0,1,0,0,1,1,0,2008,1,2007
36,1,1,4,8,2,14600000,3,0,1,1,0,0,2,1,0,2024,11,2007
37,5,0,0,0,3,44000000,0,0,0,1,1,0,4,1,0,2013,1,2006
38,2,0,4,10,3,1822922,3,0,1,0,0,0,2,1,1,2024,11,2008
39,5,3,7,18,7,29915001,5,0,1,1,1,0,2,1,1,2024,11,2006
40,4,3,7,26,4,33000000,5,1,1,1,1,0,3,1,1,2024,11,2006
41,0,0,0,9,2,125000,2,1,0,0,0,0,1,0,1,2024,11,2011
42,2,2,2,7,2,4000000,2,0,1,0,0,0,1,1,0,2024,11,2008
43,3,5,8,10,1,10000000,3,1,0,0,1,0,2,1,1,2024,11,2007
44,4,8,10,25,1,6000000,4,0,0,0,1,0,3,1,1,2024,11,2006
45,2,0,0,4,1,25000000,0,0,0,1,0,0,5,1,1,2024,11,2005
46,2,0,2,2,3,3750000,3,0,1,0,0,0,2,1,1,2024,11,2010
47,0,1,1,9,1,3000000,2,0,1,0,0,0,1,1,1,2024,11,2010
48,1,1,1,6,2,1155000,2,0,0,0,0,0,9,1,1,2024,11,2010
49,3,5,7,11,1,10000000,2,0,0,0,0,1,2,1,1,2024,11,2005
50,2,2,2,5,1,3000000,1,0,1,0,0,0,1,1,1,2024,11,2008
51,2,2,3,4,2,11500000,3,0,0,0,0,0,1,1,1,2024,11,2010
52,0,4,8,12,1,5000000,5,0,1,0,0,0,3,1,1,2024,11,2005
53,6,7,7,9,2,29000000,1,0,0,0,0,1,5,1,1,2024,11,2005
54,6,4,7,37,6,34700000,4,0,1,1,1,1,5,1,1,2024,11,2007
55,3,0,0,0,2,12050000,0,0,1,0,0,0,2,1,0,2009,1,2005
56,4,4,6,13,3,12000000,2,0,1,1,0,0,2,1,1,2024,11,2008
57,4,1,1,18,1,5500000,1,0,0,0,1,0,2,1,1,2024,11,2009
58,4,2,5,10,3,24000000,4,0,1,1,0,0,3,1,1,2024,11,2009
59,6,7,12,6,2,10000000,2,1,1,1,0,0,4,1,1,2024,11,2005
60,10,-1,-1,10,3,19009671,1,0,0,1,0,0,2,1,0,2011,11,2002
61,3,3,3,6,1,5000000,1,0,1,0,0,0,1,1,0,2024,11,2008
62,9,6,6,2,5,18914576,1,1,0,0,1,0,3,1,1,2024,11,2005
63,6,0,0,0,1,4000000,0,1,0,0,0,0,3,0,0,2012,1,2007
64,2,1,3,5,3,2030882,2,0,1,0,0,0,3,1,1,2024,11,2010
65,2,0,7,4,1,5000000,2,0,0,1,0,0,1,1,1,2024,11,2008
66,1,0,0,5,1,20500000,0,1,0,0,0,0,4,1,0,2012,1,2001
67,6,4,7,4,2,13250000,4,1,0,0,0,0,2,0,1,2024,11,2010
68,7,7,7,7,1,12000000,1,0,0,0,0,0,2,1,1,2024,11,2007
69,3,3,3,9,3,11489687,2,0,1,1,0,0,3,1,1,2024,11,2007
70,0,2,4,15,1,4000000,3,0,1,0,0,0,3,1,1,2024,11,2008
71,0,0,0,3,1,355000,1,0,0,0,0,0,1,0,1,2024,11,2012
72,0,2,5,10,2,118000,3,1,0,0,0,0,1,1,1,2024,11,2006
73,9,7,10,17,4,40400000,3,0,1,1,1,1,1,1,1,2001,1,2004
74,1,0,0,1,1,3000000,0,0,1,0,0,0,1,1,0,2024,11,2008
75,4,1,1,2,2,19700000,1,0,0,1,0,0,4,1,0,2008,7,2005
76,9,0,0,0,2,17800000,0,0,0,0,0,0,1,1,0,2011,1,2007
77,2,3,3,12,3,57500000,3,0,1,1,0,0,4,1,1,2024,11,2010
78,3,2,5,10,3,17200000,5,0,1,1,1,0,2,1,1,2024,11,2006
79,1,0,1,4,7,457282,2,0,0,0,0,0,1,1,0,2013,1,2008
80,2,2,3,11,4,18500000,3,0,1,1,0,0,2,1,1,2024,11,2010
81,2,0,0,2,1,12000000,0,1,1,0,0,0,6,1,0,2024,11,2010
82,3,3,4,5,2,510000000,3,1,0,0,0,0,2,1,0,2012,1,2010
83,4,4,4,3,2,18250000,1,0,1,1,0,0,2,1,1,2024,11,2005
84,5,3,7,13,4,41500019,5,0,0,0,1,0,4,1,1,2024,11,2006
85,5,0,0,1,1,1000000,0,1,1,0,0,0,3,0,0,2024,11,2005
86,1,1,2,7,1,5000000,2,0,1,0,0,0,1,1,1,2024,11,2007
87,10,0,0,2,3,42700000,1,1,0,1,0,0,3,1,0,2013,1,2008
88,0,0,0,7,1,12000000,0,0,0,0,0,0,9,1,0,2005,1,2013
89,3,3,9,5,2,22300000,2,1,0,1,1,0,4,1,1,2024,11,2005
90,7,0,0,5,2,10000000,1,0,0,1,0,0,4,1,1,2024,11,2006
91,4,0,0,1,3,15564591,0,1,0,1,1,0,3,1,0,2010,4,2006
92,2,2,4,7,1,500000,2,0,0,0,0,0,5,1,1,2024,11,2009
93,1,1,2,24,2,8950000,2,0,1,0,0,0,7,1,1,2024,11,2011
94,4,4,4,8,4,55350000,2,0,1,1,1,1,4,1,1,2024,11,2007
95,3,0,0,1,1,4000000,0,0,0,1,0,0,3,1,0,2024,11,2005
96,6,3,4,3,5,10764323,3,1,1,0,0,0,2,1,1,2024,11,2007
97,1,0,0,1,1,5500000,1,1,0,0,0,0,3,1,0,2012,11,2008
98,4,2,5,7,1,400000,2,0,0,0,0,0,3,1,1,2024,11,2012
99,3,0,0,3,3,54000000,0,0,0,0,1,0,2,1,0,2013,10,2007
100,20,0,0,2,1,32000000,0,1,0,1,0,0,7,1,0,2009,3,2005
101,5,0,0,1,1,13000000,0,1,0,0,0,1,4,1,1,2024,11,2005
102,1,0,0,5,3,12500000,0,1,1,1,0,0,2,1,1,2024,11,2005
103,8,1,8,16,4,38064570,2,0,0,1,1,1,3,1,1,2024,11,2006
104,1,2,4,21,2,6000000,2,0,1,0,0,0,4,1,1,2011,1,2007
105,4,0,5,4,2,5000000,6,1,1,1,0,0,1,0,0,2012,1,2008
106,7,6,10,9,3,59000000,3,1,0,0,1,0,2,1,1,2024,11,2000
107,1,0,1,2,1,1000000,2,1,0,0,0,0,1,0,0,2013,1,2012
108,2,0,6,5,1,600000,3,0,0,0,0,0,7,1,1,2024,11,2009
109,3,3,3,0,2,125000000,2,1,1,1,0,0,2,1,0,2012,1,2008
110,2,3,6,11,2,2750000,3,0,1,0,0,0,4,1,1,2024,11,2007
111,4,0,0,1,2,30000000,0,0,1,1,0,0,2,1,1,2024,11,2005
112,4,0,0,0,1,7000000,0,0,0,0,1,0,1,0,0,2012,7,2007
113,0,0,2,10,1,6100000,2,0,0,1,0,0,4,1,1,2024,11,2006
114,1,2,2,12,3,2100000,2,0,0,0,0,0,4,1,0,2013,8,2011
115,0,0,3,10,2,2565000,3,0,1,0,0,0,3,1,1,2024,11,2009
116,10,0,0,0,1,2000000,0,0,0,0,0,0,1,0,0,2012,3,2007
117,5,2,2,3,3,22400000,1,1,0,1,1,0,3,1,1,2024,11,2005
118,1,6,6,12,1,6250000,1,0,1,0,0,0,1,0,1,2024,11,2006
119,1,1,2,4,1,575000,2,0,0,0,0,0,6,0,1,2024,11,2011
120,0,0,0,1,2,53000,1,0,0,0,0,0,1,1,0,2012,1,2009
121,2,3,3,6,2,9500000,2,0,1,1,0,0,2,1,1,2024,11,2006
122,0,-1,0,7,2,3500000,2,0,1,0,0,0,1,1,0,2013,1,2009
123,1,0,3,14,3,10500000,3,0,1,0,0,0,6,1,1,2024,11,2010
124,4,2,4,14,4,34250000,2,0,1,1,1,0,2,1,1,2024,11,2008
125,4,0,0,2,5,85381111,0,0,1,1,1,0,4,1,1,2024,11,2006
126,7,8,11,6,3,100000000,3,1,1,0,0,0,2,1,1,2024,11,2006
127,1,0,1,3,2,125000,2,1,0,0,0,0,1,1,0,2013,1,2008
128,4,0,0,2,2,10600000,1,1,0,1,0,0,3,1,0,2008,1,2005
129,5,2,2,2,3,26100000,1,0,0,1,0,0,3,1,1,2024,11,2006
130,7,10,10,2,1,30000000,1,0,0,0,0,0,5,1,1,2024,11,2007
131,1,1,1,6,3,132885,2,1,0,0,0,0,1,1,0,2012,3,2011
132,4,0,4,9,3,9500000,2,0,1,1,1,0,2,1,1,2024,11,2007
133,6,6,6,9,1,18000000,1,0,0,0,0,0,7,1,1,2024,11,2006
134,1,1,1,4,1,690000,1,1,0,0,0,0,3,1,0,2012,1,2011
135,6,0,0,1,3,25131611,0,1,0,1,0,0,1,1,1,2024,11,2006
136,3,0,0,1,1,2000000,0,0,0,0,0,0,1,1,0,2013,1,2010
137,6,5,7,4,3,78750000,2,0,1,1,0,0,3,1,1,2024,11,2005
138,4,3,6,27,5,48500000,3,0,1,1,1,0,2,1,1,2024,11,2007
139,0,5,8,12,1,15000000,2,0,1,0,0,0,3,0,0,2024,11,2005
140,5,0,0,13,5,74000000,0,0,0,1,1,0,5,1,1,2024,11,2007
141,2,2,2,6,2,15000000,1,0,1,1,0,0,3,1,1,2024,11,2005
142,3,3,5,8,3,45000000,3,0,1,0,0,0,1,0,0,2024,11,2006
143,1,2,2,4,1,4410000,1,0,1,0,0,0,1,1,1,2024,11,2008
144,0,2,2,9,2,4500000,2,1,1,1,0,0,2,1,1,2024,11,2010
145,3,4,5,11,3,11040000,2,0,1,1,1,0,2,1,1,2024,11,2008
146,1,1,2,6,1,1600000,2,0,1,0,0,0,3,1,1,2024,11,2010
147,3,7,7,3,2,9000000,1,0,0,1,0,0,4,1,1,2024,11,2005
148,2,0,3,4,3,3282327,2,0,0,0,0,0,2,1,1,2024,11,2011
149,4,5,11,5,2,24700000,5,0,1,1,0,0,4,1,1,2024,11,2006
150,6,0,0,2,2,8800000,0,1,1,0,0,0,1,1,0,2024,11,2007
151,1,0,0,1,1,1700000,1,0,1,0,0,0,1,0,0,2024,11,2008
152,0,0,0,1,1,20000,2,0,0,0,0,0,1,0,0,2013,1,2010
153,4,5,8,10,2,11500000,5,0,1,1,0,0,2,1,1,2024,11,2008
154,9,4,11,12,7,98170000,3,0,0,1,1,1,5,1,0,2012,1,2003
155,1,0,2,2,1,1350000,3,0,0,0,0,0,10,1,1,2024,11,2011
156,4,2,6,17,1,940261,2,1,1,0,0,0,1,1,1,2024,11,2010
157,3,3,3,12,2,4000000,3,0,1,0,0,0,3,1,1,2024,11,2009
158,1,1,1,5,1,5000000,1,0,1,0,0,0,1,0,0,2012,6,2009
159,0,0,0,3,1,20000,1,1,0,0,0,0,1,0,0,2012,6,2009
160,4,3,3,5,1,12500000,1,1,0,1,0,0,3,1,1,2024,11,2006
161,4,1,1,0,5,7228704,2,1,1,0,0,0,2,1,0,2013,1,2010
162,5,5,5,5,2,55000000,1,1,0,1,0,0,4,1,0,2013,1,2010
163,6,0,0,5,4,15180000,0,0,1,0,1,0,1,1,1,2024,11,2006
164,3,2,4,4,2,30000000,2,0,1,1,0,0,2,1,0,2012,1,2010
165,2,3,4,11,2,14500000,3,0,1,1,0,0,1,1,1,2024,11,2008
166,2,2,4,6,1,6500000,3,0,0,0,0,0,3,1,1,2024,11,2011
167,0,0,0,2,1,15000,1,1,0,0,0,0,1,0,0,2013,1,2012
168,3,1,4,5,5,4705910,3,0,0,0,0,0,3,1,1,2024,11,2010
169,2,3,4,6,1,3000000,2,0,0,0,0,0,1,1,1,2024,11,2010
170,4,3,6,30,6,125250000,5,0,1,1,1,1,3,1,1,2024,11,2007
171,4,2,3,8,4,1449998,3,0,0,0,0,0,1,1,0,2013,1,2008
172,1,0,2,5,2,6000000,3,0,1,0,0,0,6,1,1,2024,11,2011
173,6,0,0,7,3,28200000,0,1,0,1,1,0,3,1,1,2024,11,2007
174,4,5,5,5,2,14000000,1,0,1,0,0,0,2,1,1,2024,11,2008
175,1,2,2,14,1,3000000,2,0,1,0,0,0,1,0,0,2009,1,2009
176,1,0,0,6,2,2238055,1,1,0,0,0,0,1,1,0,2013,1,2011
177,2,1,2,5,2,5200000,2,0,1,0,0,0,1,1,0,2013,1,2011
178,3,1,3,4,1,75000000,4,1,0,0,0,0,1,0,1,2024,11,2013
179,3,4,5,13,4,24500000,4,0,1,1,1,0,2,1,0,2012,2,2007
180,8,0,0,3,3,4476171,0,0,1,0,0,0,2,1,0,2012,1,2006
181,2,2,5,21,3,10400001,3,0,1,1,0,0,6,1,1,2024,11,2008
182,7,5,5,8,3,68400000,1,1,0,0,1,1,6,1,1,2024,11,2006
183,4,0,0,13,2,15200000,0,0,1,1,0,0,2,1,1,2024,11,2006
184,1,0,0,2,2,890000,0,0,0,0,0,0,3,1,0,2013,1,2011
185,10,0,0,0,1,2600000,0,0,0,0,0,0,1,1,0,2012,1,2011
186,3,3,4,7,1,1226270,2,1,0,0,0,0,1,1,1,2024,11,2012
187,8,6,6,5,2,9000000,1,0,1,1,0,0,1,0,1,2024,11,2008
188,8,6,6,4,4,7210210,1,0,1,1,0,0,1,0,1,2024,11,2008
189,1,0,0,15,2,15700000,1,0,1,0,0,0,3,1,1,2024,11,2011
190,6,5,5,4,2,15050000,1,0,0,0,1,0,2,1,1,2024,11,2005
191,2,1,4,5,2,3500000,2,0,1,1,0,0,3,1,1,2024,11,2007
192,7,5,5,2,2,43000000,1,0,0,0,1,1,1,1,0,2009,1,2006
193,3,3,5,7,2,57000000,2,0,1,1,0,0,3,1,1,2024,11,2006
194,0,0,4,8,1,1300000,4,0,0,0,0,0,4,1,1,2024,11,2008
195,4,4,9,15,4,69750000,4,0,1,1,1,1,5,1,1,2024,11,2005
196,5,9,10,16,2,14500000,2,0,0,1,0,0,2,1,1,2024,11,2004
197,5,0,0,2,2,48000000,0,0,0,0,1,1,6,1,0,2024,11,2006
198,5,0,0,3,2,3508462,0,1,1,0,0,0,3,1,0,2024,11,2009
199,5,7,7,10,3,19500000,1,0,1,1,0,0,3,1,1,2024,11,2005
200,0,1,1,5,1,3750000,3,0,0,0,0,0,9,1,1,2024,11,2012
201,0,0,0,1,1,45000000,0,1,0,0,0,0,2,0,0,2011,1,2010
202,5,4,7,8,4,32500000,3,1,1,1,1,1,2,1,0,2013,1,2006
203,8,5,13,4,2,4900000,5,1,0,1,0,0,1,1,1,2024,11,2002
204,3,3,4,4,2,12000000,3,0,0,1,1,0,2,1,0,2011,3,2007
205,2,4,6,12,3,7175000,6,0,1,1,0,0,2,1,1,2024,11,2006
206,1,0,5,3,2,4700000,4,0,1,0,0,0,1,1,0,2024,11,2007
207,0,0,0,3,1,120000,0,0,0,0,0,0,2,0,0,2010,1,2008
208,8,5,6,10,3,10000000,2,0,0,1,0,0,1,0,1,2024,11,2007
209,10,0,0,0,4,39000000,0,0,1,0,0,0,3,0,0,2013,1,2005
210,4,0,0,3,2,16100000,0,0,0,1,1,0,2,1,1,2024,11,2005
211,2,2,5,4,2,3300000,3,0,1,0,0,0,2,1,1,2024,11,2007
212,1,1,1,6,1,750000,3,0,0,0,0,0,9,1,1,2024,11,2010
213,2,0,0,0,2,1000000,0,1,0,0,0,0,2,0,0,2012,6,2008
214,11,0,0,3,1,7410000,0,0,0,0,0,0,3,1,0,2024,11,2007
215,10,0,0,5,3,52800000,0,0,0,0,1,0,5,1,1,2024,11,2006
216,9,9,12,33,3,37000000,4,0,1,1,1,0,1,1,0,2011,1,2005
217,3,2,3,14,3,14229998,3,0,1,1,0,0,3,1,1,2024,11,2009
218,2,0,2,7,2,3000000,2,0,1,1,0,0,2,1,1,2024,11,2009
219,4,6,6,10,1,20000000,1,0,1,0,0,0,1,0,1,2024,11,2009
220,2,1,2,6,2,2000000,3,1,0,0,0,0,1,1,1,2024,11,2009
221,6,9,9,3,2,19900000,2,1,0,1,0,0,2,1,1,2024,11,2006
222,1,2,2,6,1,1500000,1,0,0,0,0,0,1,0,0,2009,1,2007
223,0,1,1,4,1,325000,1,0,0,0,0,0,4,0,0,2011,9,2009
224,0,1,1,16,1,3500000,2,0,1,0,0,0,5,1,0,2012,1,2011
225,4,1,4,7,4,30000000,2,1,1,1,0,0,2,1,0,2024,11,2006
226,4,0,0,1,1,50000000,0,0,0,0,0,1,6,1,1,2024,11,2007
227,1,1,1,5,1,2000000,2,0,1,0,0,0,3,1,1,2024,11,2009
228,5,6,8,25,6,72000000,2,0,1,1,1,1,2,1,1,2024,11,2006
229,5,8,8,4,3,27690547,1,0,0,1,1,1,4,1,1,2024,11,2005
230,2,0,0,32,1,9000000,0,0,0,1,0,0,4,1,0,2024,11,2006
231,1,3,4,12,2,7500000,3,0,1,0,0,0,3,1,1,2024,11,2008
232,1,3,3,9,2,10000000,1,0,1,0,0,0,2,1,1,2024,11,2007
233,6,2,2,7,4,5965000,1,0,1,0,0,0,1,0,1,2024,11,2007
234,0,0,7,9,1,4000000,4,0,1,0,0,0,1,0,1,2024,11,2006
235,5,7,7,2,1,5000000,1,1,0,0,0,0,1,0,0,2013,1,2008
236,1,5,7,15,1,11500000,2,0,1,0,0,0,2,1,1,2024,11,2005
237,2,1,1,2,2,1050000,1,1,0,0,0,0,1,0,0,2013,1,2010
238,1,1,3,13,2,5500000,2,0,1,0,0,0,2,1,1,2024,11,2008
239,2,1,3,17,3,5000000,4,1,1,0,0,0,1,1,1,2024,11,2007
240,0,-1,1,11,2,3700000,3,0,0,0,0,0,3,0,0,2013,1,2009
241,3,0,0,4,2,7000000,0,0,1,0,0,0,2,0,0,2011,1,2007
242,2,2,3,14,2,32000000,4,0,1,1,0,0,3,1,0,2024,11,2006
243,4,2,3,8,3,7900000,2,0,1,0,0,0,2,0,1,2024,11,2007
244,6,2,7,16,5,80000000,3,0,1,1,1,1,2,1,1,2024,11,2006
245,4,0,0,1,1,5000000,1,0,0,0,0,0,1,1,0,2012,8,2009
246,3,2,7,5,2,2100000,3,1,1,0,0,0,1,1,1,2024,11,2007
247,4,3,3,6,4,22250000,1,1,1,1,1,1,2,1,1,2024,11,2005
248,1,-14,2,6,2,1975000,2,1,0,0,0,0,3,0,1,2024,11,2011
249,0,3,4,0,1,1000000,2,0,0,0,0,0,1,1,1,2024,11,2008
250,2,0,0,0,1,35000000,0,1,0,0,1,0,1,0,0,2013,1,2010
251,4,3,5,12,7,88651133,5,0,1,1,1,1,3,1,1,2024,11,2005
252,5,0,0,3,1,26000000,0,0,0,0,0,0,2,1,1,2024,11,2005
253,0,0,0,3,1,100000,2,0,0,0,0,0,1,0,0,2011,1,2011
254,1,3,4,6,1,5000000,3,1,1,0,0,0,1,1,1,2024,11,2006
255,8,0,0,5,2,7300000,0,1,1,0,0,0,3,1,0,2024,11,2006
256,6,4,10,8,3,64080000,2,0,1,1,1,0,4,1,1,2024,11,2005
257,1,0,1,8,2,5800000,2,1,1,0,0,0,4,1,1,2024,11,2011
258,5,5,6,6,4,89500000,2,0,0,1,1,0,1,1,0,2024,11,2008
259,5,3,4,11,4,23350000,2,0,1,1,0,0,3,1,1,2024,11,2007
260,5,0,0,7,2,13500000,0,0,0,0,1,0,2,1,1,2024,11,2006
261,8,11,11,13,2,24500000,2,0,0,0,0,0,5,1,1,2024,11,2007
262,3,3,3,2,1,10000000,1,0,0,0,1,0,4,1,0,2013,4,2005
263,-1,0,0,3,1,8500000,0,1,0,0,0,0,1,0,0,2024,11,2005
264,16,0,0,0,1,6000000,0,0,0,1,0,0,3,0,0,2011,12,2008
265,1,1,1,3,1,2000000,1,0,1,0,0,0,2,1,1,2024,11,2009
266,1,0,1,3,2,4100000,2,0,1,0,0,0,1,1,1,2024,11,2011
267,0,1,8,5,1,6200000,4,0,1,0,0,0,2,1,1,2024,11,2005
268,5,4,4,8,2,12250000,1,0,0,1,1,0,2,1,1,2024,11,2007
269,5,5,8,3,2,11725600,2,0,1,1,0,0,2,1,1,2024,11,2006
270,5,0,0,1,2,16000000,0,0,1,1,0,0,3,1,0,2024,11,2005
271,4,3,4,10,3,5056559,2,1,1,0,0,0,1,1,1,2024,11,2009
272,0,6,8,9,1,100000,3,0,0,0,0,0,1,1,1,2024,11,2005
273,6,4,8,11,3,68200000,3,0,0,0,0,0,4,1,1,2024,11,2004
274,9,6,6,5,3,33000000,1,0,0,1,0,1,3,1,1,2024,11,2005
275,3,2,2,8,3,3352194,2,1,1,0,0,0,9,0,0,2013,1,2010
276,1,0,1,5,2,2212000,2,0,1,0,0,0,3,1,1,2024,11,2011
277,7,0,0,1,4,19800000,0,0,0,0,0,1,5,1,1,2024,11,2009
278,1,1,1,6,2,4500000,2,0,1,0,0,0,3,1,0,2013,1,2010
279,4,4,4,2,2,14000000,1,0,0,1,0,0,1,1,1,2024,11,2008
280,0,0,0,4,1,100000,2,1,0,0,0,0,1,0,0,2013,1,2011
281,3,3,5,4,2,9900000,2,0,1,1,0,0,2,1,1,2024,11,2006
282,5,5,5,10,3,7600000,2,0,1,1,0,0,5,1,1,2024,11,2008
283,0,0,0,2,1,50000,1,0,0,0,0,0,2,0,0,2012,4,2008
284,0,0,0,3,1,650000,0,0,0,0,0,0,1,0,0,2024,11,2007
285,2,2,2,8,3,10500000,3,0,1,1,0,0,2,1,0,2011,1,2008
286,0,0,0,12,1,500000,2,0,0,0,0,0,1,0,1,2024,11,2012
287,4,2,10,2,2,24300000,3,0,0,1,1,0,2,1,1,2024,11,2004
288,7,7,7,6,2,18000000,1,0,0,1,0,0,4,1,0,2009,12,2006
289,3,3,6,27,3,26000000,5,0,1,1,1,0,3,1,1,2024,11,2007
290,5,0,0,2,2,9500000,0,0,0,1,0,0,3,1,0,2012,1,2007
291,7,5,5,6,1,16980999,1,1,0,1,0,0,1,1,1,2024,11,2007
292,1,1,3,2,1,5000000,2,0,1,0,0,0,3,0,0,2009,3,2005
293,1,0,0,3,1,350000,0,1,0,0,0,0,1,0,0,2012,1,2008
294,4,1,1,1,5,13130000,1,0,1,0,0,0,2,1,0,2013,1,2007
295,2,0,2,1,1,20000000,2,1,1,0,0,0,1,0,0,2011,1,2010
296,3,2,6,18,3,26500000,4,0,1,1,0,0,2,1,1,2024,11,2006
297,4,0,0,4,2,15000000,0,0,0,1,0,0,5,1,1,2024,11,2005
298,4,0,0,0,1,2600000,0,1,1,0,0,0,1,0,0,2024,11,2006
299,6,0,0,1,4,21470000,0,0,1,1,0,0,3,1,0,2024,11,2006
300,0,0,0,5,1,20000,2,0,0,0,0,0,1,0,0,2012,1,2010
301,2,2,6,10,2,3600000,3,0,1,0,0,0,1,0,0,2024,11,2006
302,7,8,8,23,7,27300000,4,0,1,1,1,1,2,1,1,2024,11,2006
303,0,1,1,8,1,2600000,1,0,1,0,0,0,2,0,1,2024,11,2012
304,0,0,1,5,1,5000000,2,0,1,0,0,0,1,1,0,2010,1,2010
305,6,3,6,2,2,17000000,2,0,1,1,0,0,3,1,1,2024,11,2008
306,4,0,0,0,1,662000,0,1,1,0,0,0,3,0,0,2013,1,2012
307,1,2,2,12,2,3750000,2,0,1,0,0,0,4,1,1,2024,11,2010
308,6,5,9,57,4,45000000,8,0,1,1,1,1,4,1,1,2024,11,2005
309,5,2,6,9,2,6700000,4,0,0,0,0,0,8,1,1,2024,11,2011
310,3,2,4,12,3,20750000,2,0,1,1,0,0,2,1,1,2024,11,2006
311,7,0,0,5,4,19000000,0,0,1,1,1,0,2,1,1,2024,11,2007
312,0,0,0,20,3,22500000,0,0,1,0,0,0,4,1,1,2024,11,2006
313,3,2,3,10,3,7300000,3,0,1,1,0,0,2,1,1,2024,11,2005
314,7,4,5,16,7,26390819,3,1,1,1,0,0,1,1,0,2024,11,2005
315,4,0,0,4,1,10000000,0,1,0,0,1,0,3,1,1,2024,11,2009
316,0,0,0,1,1,31000,1,0,0,0,0,0,2,0,0,2013,1,2010
317,2,1,6,16,3,21500000,4,0,1,1,0,0,3,1,1,2024,11,2007
318,4,6,6,5,1,4000000,1,1,0,0,0,0,5,1,1,2024,11,2006
319,3,2,4,5,3,9400000,4,0,1,1,0,0,4,1,1,2024,11,2007
320,2,1,4,9,3,5600000,4,0,1,1,0,0,2,1,1,2024,11,2007
321,3,3,5,9,2,6000000,2,0,1,1,0,0,2,1,1,2024,11,2008
322,10,10,12,35,4,60704370,3,1,0,1,0,1,2,1,1,2024,11,2002
323,3,3,4,16,3,2000000,2,0,0,0,0,0,3,1,1,2024,11,2010
324,0,0,1,5,2,1000000,3,0,1,0,0,0,5,1,1,2024,11,2009
325,1,0,1,3,2,200000,2,1,1,0,0,0,2,1,0,2024,11,2008
326,1,0,1,2,1,2300000,2,0,1,0,0,0,2,1,0,2011,7,2008
327,2,0,3,5,1,1000000,4,0,1,0,0,0,1,1,0,2024,11,2008
328,5,4,7,13,5,24750000,3,0,1,1,0,0,2,1,1,2024,11,2004
329,6,6,6,15,2,12800000,1,1,1,1,0,0,2,1,0,2013,1,2007
330,6,7,7,10,2,30500000,1,0,0,0,0,1,4,1,1,2024,11,2005
331,8,5,7,3,3,36300000,2,0,0,0,1,0,1,1,0,2011,1,2008
332,3,3,4,7,3,6693782,3,0,0,0,0,0,1,1,1,2024,11,2010
333,11,0,0,1,1,20000000,0,0,0,0,1,0,5,1,0,2010,1,2007
334,3,3,5,8,1,11370000,3,0,1,0,0,0,2,1,1,2024,11,2008
335,2,3,6,13,3,16500000,4,0,1,1,1,0,1,1,1,2024,11,2007
336,0,3,3,3,1,250000,1,0,0,0,0,0,3,0,0,2012,1,2008
337,3,3,7,9,5,14400000,5,0,1,1,0,0,5,1,1,2024,11,2007
338,3,4,5,24,5,90000000,3,0,1,1,1,1,3,1,1,2024,11,2007
339,7,5,8,10,4,13075000,2,0,1,1,0,0,4,1,1,2024,11,2006
340,0,0,5,10,2,26000000,4,0,1,0,1,0,2,1,1,2024,11,2006
341,3,3,4,6,2,16300000,2,0,0,1,0,0,2,1,1,2024,11,2011
342,7,7,7,5,2,5992316,1,0,1,0,0,0,2,0,1,2013,1,2007
343,5,0,0,2,4,89400001,0,0,1,1,0,0,4,1,1,2024,11,2010
344,0,5,5,4,1,1200000,1,0,1,0,0,0,1,0,0,2024,11,2006
345,1,1,3,7,2,1900000,2,0,1,0,0,0,2,1,0,2012,1,2010
346,12,7,11,9,3,30300000,2,0,0,0,0,1,4,1,0,2012,12,2008
347,2,0,0,4,1,500000,0,0,0,0,0,0,5,0,0,2012,3,2008
348,6,6,7,19,5,74000000,2,0,1,1,1,1,1,1,1,2024,11,2006
349,7,0,0,3,1,18800000,0,0,0,0,1,0,7,1,1,2024,11,2007
350,0,0,0,3,1,20000,1,1,0,0,0,0,1,0,0,2024,11,2009
351,2,1,2,3,4,3350000,2,1,1,1,0,0,1,0,1,2024,11,2009
352,5,0,0,1,1,26100000,0,1,0,0,0,0,2,1,1,2024,11,2010
353,2,0,0,0,2,1213066,0,1,0,0,0,0,1,1,0,2013,1,2010
354,4,0,4,18,3,24030000,3,0,1,1,0,0,3,1,1,2024,11,2008
355,3,1,5,14,3,13100000,5,0,0,1,1,0,1,1,1,2024,11,2007
356,1,0,5,6,3,560001,5,0,0,0,0,0,3,1,1,2024,11,2008
357,2,2,4,7,1,3500000,3,1,1,0,0,0,2,1,1,2024,11,2011
358,7,7,8,45,7,121500000,3,0,1,1,1,1,4,1,1,2024,11,2005
359,3,2,2,18,4,42500000,1,0,1,1,1,0,2,1,1,2024,11,2005
360,6,6,6,26,2,36000000,1,1,0,0,0,1,3,1,1,2024,11,2005
361,2,2,5,7,1,12170000,2,0,0,0,1,0,3,1,0,2024,11,2008
362,5,8,9,4,1,1000000,2,0,1,0,0,0,3,1,1,2024,11,2007
363,3,-2,4,5,3,1820000,4,0,0,0,0,0,1,0,1,2024,11,2011
364,9,5,9,19,4,5700000000,2,1,0,0,0,0,4,1,1,2024,11,2008
365,6,0,11,6,1,5000000,2,0,0,0,1,0,5,1,1,2024,11,2007
366,1,1,1,4,2,18800000,1,0,1,1,0,0,2,1,1,2024,11,2010
367,3,0,0,3,2,72300000,0,0,0,1,1,0,4,1,1,2024,11,2005
368,3,-2,4,3,3,1310000,4,0,0,0,0,0,1,0,1,2024,11,2009
369,4,4,4,2,2,15000000,1,0,1,1,0,0,2,1,0,2011,1,2005
370,4,5,7,22,3,39007789,5,0,1,1,1,0,3,1,1,2024,11,2006
371,2,-1,-1,3,1,25000000,1,0,0,0,0,1,5,1,1,2024,11,2006
372,2,1,2,4,3,172500,2,0,0,0,0,0,1,0,1,2024,11,2009
373,2,2,3,23,2,6100000,2,0,1,1,0,0,1,1,1,2024,11,2010
374,7,1,9,7,3,40300000,5,0,0,1,1,0,4,1,1,2024,11,2006
375,0,0,0,9,1,100000,3,0,0,0,0,0,1,0,0,2012,1,2011
376,5,2,5,14,5,19389998,2,1,1,1,1,0,1,1,1,2024,11,2008
377,4,5,11,21,2,61500000,3,0,0,1,0,1,4,1,1,2024,11,2002
378,3,4,5,6,1,6000000,2,0,1,0,0,0,2,1,1,2024,11,2010
379,5,4,7,23,4,19100000,6,0,1,1,1,0,2,1,1,2024,11,2003
380,2,0,3,8,4,3499997,3,0,1,0,0,0,1,1,1,2024,11,2009
381,1,4,5,13,3,2600000,2,0,1,0,0,0,3,1,1,2012,1,2007
382,1,3,3,14,3,2023000,2,0,1,0,0,0,1,1,1,2024,11,2009
383,5,0,0,3,1,25000000,0,0,0,0,0,0,4,1,1,2024,11,2007
384,3,2,4,17,4,66000000,4,0,1,1,1,0,2,1,1,2024,11,2009
385,1,1,1,5,2,1000000,1,0,0,0,0,0,3,0,1,2024,11,2011
386,2,3,3,11,2,13000000,2,0,1,1,0,0,3,1,1,2024,11,2011
387,14,12,14,3,3,24150000,2,0,1,1,0,0,2,1,0,2012,1,2005
388,8,0,0,4,3,47218498,0,0,0,0,1,1,3,1,0,2013,1,2009
389,4,0,7,1,2,11800000,2,0,0,0,1,1,4,1,1,2024,11,2005
390,2,0,0,2,2,2387481,1,1,0,0,0,0,1,1,0,2011,1,2010
391,7,11,13,35,4,33000000,5,0,1,1,1,0,2,1,1,2024,11,2000
392,3,4,7,4,2,7500000,3,1,1,1,0,0,1,1,1,2024,11,2007
393,6,4,4,3,1,25000000,1,0,0,0,1,0,1,1,1,2024,11,2006
394,8,4,4,7,4,25305000,1,0,1,1,1,0,2,1,1,2024,11,2005
395,1,2,3,21,2,4950000,3,0,1,0,0,0,12,1,1,2024,11,2008
396,6,0,0,8,6,53816776,0,0,0,1,1,1,5,1,1,2024,11,2005
397,0,2,8,15,2,3500000,4,0,1,1,0,0,5,1,1,2024,11,2005
398,5,4,6,7,1,5000000,2,0,1,0,0,0,1,0,1,2024,11,2012
399,2,3,5,9,3,2515000,3,0,1,0,0,0,1,1,1,2024,11,2007
400,2,2,5,10,2,8400000,3,0,1,1,0,0,2,1,1,2024,11,2007
401,4,2,4,5,2,4900000,3,0,1,1,0,0,1,1,0,2008,1,2006
402,4,5,5,3,1,5000000,1,1,0,0,0,0,5,1,0,2024,11,2005
403,4,0,0,2,1,11000000,0,0,0,0,1,0,3,1,1,2024,11,2005
404,8,0,0,6,4,68400000,0,0,1,0,1,1,4,1,1,2024,11,2001
405,4,3,4,7,2,2000000,2,0,1,0,0,0,8,1,1,2024,11,2010
406,1,0,0,2,2,10800000,1,0,1,0,0,0,2,1,0,2009,12,2006
407,5,5,7,31,5,37000000,3,0,1,1,1,0,2,1,1,2024,11,2005
408,2,4,9,5,1,7660000,3,0,1,0,0,0,6,1,1,2024,11,2006
409,5,3,6,5,4,48730000,3,0,1,1,1,0,3,1,1,2024,11,2005
410,1,1,1,1,2,3350000,1,0,1,0,0,0,2,1,0,2012,1,2009
411,7,2,7,3,4,28000000,2,0,0,1,1,0,3,1,0,2013,1,2007
412,1,2,2,5,1,2500000,1,0,1,0,0,0,2,1,1,2024,11,2011
413,1,2,9,16,2,8000000,4,1,1,1,0,0,4,1,1,2024,11,2004
414,1,0,4,6,2,540000,2,0,0,0,0,0,2,1,1,2024,11,2008
415,1,1,5,4,2,3100000,4,0,1,0,0,0,2,1,1,2024,11,2006
416,2,2,4,8,2,1200000,2,0,1,0,0,0,6,1,1,2024,11,2010
417,0,0,0,2,1,5000000,1,0,1,0,0,0,2,0,0,2008,2,2007
418,7,2,2,6,6,37079000,1,0,0,0,1,1,3,1,1,2024,11,2005
419,11,8,8,3,4,135826373,2,0,0,1,0,1,4,1,1,2024,11,2006
420,0,0,0,5,2,5000000,0,0,0,0,0,0,1,1,0,2012,9,2007
421,1,0,2,3,4,4200000,3,0,1,0,0,0,3,1,1,2024,11,2011
422,3,-1,7,3,1,4100000,3,1,0,0,0,0,1,1,0,2011,3,2008
423,0,0,1,3,1,2000000,2,0,0,0,0,0,1,0,0,2012,1,2011
424,5,5,5,3,1,6500000,1,1,0,0,0,0,1,1,1,2024,11,2006
425,1,0,0,0,1,4000000,0,0,1,0,0,0,3,0,0,2024,11,2006
426,1,1,1,3,5,185000,1,0,0,0,0,0,2,1,0,2013,1,2010
427,2,3,4,5,1,1300000,2,1,1,0,0,0,1,0,1,2024,11,2011
428,3,0,0,21,1,45000000,0,0,0,1,0,0,1,0,1,2024,11,2006
429,2,0,2,4,1,2500000,3,0,1,0,0,0,2,1,1,2024,11,2010
430,2,1,4,11,2,9200000,2,0,1,1,0,0,1,1,1,2024,11,2005
431,0,0,0,0,4,435953,0,0,0,0,0,0,1,0,0,2013,1,2009
432,0,-1,0,9,2,55600000,2,1,1,1,0,0,2,0,0,2024,11,2007
433,6,1,1,2,1,10000000,1,1,0,0,0,0,1,0,1,2024,11,2007
434,0,0,0,3,1,12000,1,1,0,0,0,0,1,1,0,2011,1,2010
435,4,0,0,3,2,2257464,0,1,0,0,0,0,1,0,0,2012,7,2010
436,0,0,2,4,2,983000,2,0,0,0,0,0,6,1,1,2024,11,2011
437,2,2,3,15,2,41000000,2,0,0,1,1,0,1,1,1,2024,11,2009
438,5,0,0,0,3,9100000,0,0,0,1,1,0,1,0,0,2024,11,2006
439,7,-2,6,6,3,25500100,3,0,0,1,0,0,2,1,0,2024,11,2007
440,0,1,1,3,1,400000,2,0,0,0,0,0,1,1,1,2024,11,2010
441,8,0,0,4,10,22165091,0,0,0,1,0,0,2,1,1,2024,11,2006
442,0,0,3,4,1,500000,2,0,1,0,0,0,4,1,1,2024,11,2007
443,5,6,8,29,5,70000000,4,0,1,1,1,1,2,1,1,2024,11,2005
444,3,2,2,6,2,4700000,1,1,1,0,0,0,1,1,1,2024,11,2008
445,2,0,0,1,1,30000000,1,0,0,0,0,0,2,1,1,2008,1,2008
446,9,7,7,13,5,39000000,1,0,0,1,1,1,3,1,1,2024,11,2005
447,9,10,10,10,3,32000000,1,0,0,0,0,1,3,1,1,2024,11,2006
448,1,0,0,7,3,42000000,0,0,1,1,1,0,2,1,1,2024,11,2000
449,9,4,9,5,3,24510540,2,0,1,1,0,0,2,1,1,2024,11,2005
450,5,0,0,0,1,2500000,0,0,0,0,0,0,2,1,0,2024,11,2005
451,7,8,9,1,3,21460663,2,1,0,1,1,1,4,1,1,2024,11,2005
452,5,0,0,6,1,15000000,0,0,0,0,1,0,4,1,1,2024,11,2006
453,4,1,5,5,2,889999,2,0,0,0,0,0,3,1,0,2013,1,2007
454,4,3,3,6,1,16000000,1,0,0,1,0,0,3,1,1,2024,11,2005
455,2,2,8,5,1,7000000,4,0,0,1,0,0,2,1,1,2024,11,2007
456,0,0,0,3,2,100000,0,0,0,0,0,0,1,0,0,2013,1,2011
457,1,1,4,13,1,1500000,3,0,1,0,0,0,1,0,1,2024,11,2009
458,6,10,12,19,1,8000000,4,1,0,0,0,0,1,1,1,2024,11,2006
459,0,4,6,22,2,4000000,4,0,1,1,0,0,3,1,1,2024,11,2007
460,0,0,0,3,1,25000,0,0,0,0,0,0,1,0,0,2012,3,2009
461,9,8,10,10,6,64630000,3,0,0,1,1,0,3,1,1,2024,11,2005
462,3,3,3,10,2,12100000,1,0,1,1,0,0,1,1,0,2011,1,2006
463,5,5,5,9,2,20000000,1,0,0,0,1,1,4,1,1,2024,11,2005
464,9,9,9,10,4,49600000,1,0,0,1,1,0,2,1,0,2013,1,2005
465,9,0,0,3,5,51450000,1,0,0,0,0,1,5,1,1,2024,11,2007
466,2,4,4,7,2,6300000,1,0,1,1,0,0,2,1,1,2024,11,2008
467,2,1,3,8,1,200000,3,0,0,0,0,0,2,1,0,2024,11,2012
468,0,0,0,2,1,20000,1,1,0,0,0,0,1,0,0,2013,1,2011
469,3,6,9,13,2,11600000,3,0,1,0,1,0,2,1,1,2024,11,2003
470,0,0,5,6,1,9150000,2,0,1,0,0,0,2,1,1,2024,11,2006
471,0,0,0,2,1,1200000,2,1,1,0,0,0,4,1,0,2024,11,2009
472,1,1,1,4,1,1700000,2,0,0,0,0,0,7,1,0,2012,1,2011
473,2,0,4,9,3,1415000,4,0,0,0,0,0,1,1,1,2011,1,2007
474,3,5,7,16,2,4200000,2,0,1,1,0,0,1,1,1,2024,11,2006
475,1,4,6,7,2,500000,2,0,1,0,0,0,2,0,1,2024,11,2007
476,5,0,0,1,1,21500000,0,0,0,0,1,0,4,1,1,2024,11,2007
477,1,2,4,4,2,10000000,2,1,1,0,0,0,2,0,1,2024,11,2006
478,2,4,4,7,2,9500000,1,0,1,1,0,0,2,1,0,2024,11,2005
479,5,0,0,4,2,13875001,0,1,0,0,0,0,10,1,0,2012,4,2009
480,10,9,9,5,1,275000,1,1,0,0,0,0,2,0,0,2013,1,2010
481,5,1,1,10,3,19743770,1,0,0,1,1,0,2,1,1,2024,11,2005
482,4,2,2,5,5,1178000,1,0,0,0,0,0,5,1,1,2024,11,2010
483,2,2,3,5,3,25000000,2,0,1,1,0,0,2,1,1,2024,11,2005
484,3,0,0,1,3,24150000,0,1,1,1,0,0,2,1,1,2024,11,2005
485,3,2,2,4,2,80000000,1,0,1,1,0,0,1,0,0,2009,11,2006
486,3,4,9,11,2,36000000,3,0,1,1,0,0,3,1,1,2024,11,2005
487,1,0,0,1,1,205000,0,1,0,0,0,0,1,0,0,2024,11,2008
488,4,6,9,27,4,28300000,4,0,1,1,1,1,2,1,1,2024,11,2002
489,-1,0,0,1,1,2000000,1,0,0,0,0,0,1,0,0,2012,11,2006
490,1,2,8,63,2,11500000,6,0,1,1,0,0,1,1,1,2024,11,2005
491,0,1,2,15,1,4000000,2,0,1,0,0,0,3,1,0,2024,11,2010
492,0,0,2,2,1,500000,2,0,0,0,0,0,1,1,0,2011,5,2010
493,0,1,3,9,1,4000000,2,0,1,0,0,0,2,1,0,2024,11,2007
494,2,2,2,8,2,9030000,2,0,1,0,0,0,4,1,0,2012,1,2010
495,4,0,0,15,4,69900000,0,1,1,0,1,1,4,1,1,2024,11,2005
496,0,0,0,2,1,20000,1,0,0,0,0,0,1,0,0,2012,1,2012
497,11,10,12,29,7,238209999,3,1,0,0,0,0,2,1,1,2024,11,2004
498,6,4,6,3,3,14700000,2,0,0,1,0,0,1,0,1,2024,11,2007
499,0,0,1,4,3,430000,2,0,0,0,0,0,1,0,1,2024,11,2006
500,1,0,0,5,2,1015000,1,0,1,0,0,0,1,0,1,2024,11,2012
501,0,0,0,2,1,1200000,1,0,0,0,0,0,2,1,0,2024,11,2009
502,3,3,7,16,2,17100000,4,1,1,1,0,0,2,1,1,2024,11,2007
503,4,5,5,0,1,50000000,1,1,0,0,0,0,4,1,1,2024,11,2008
504,0,0,0,3,1,900000,0,0,1,0,0,0,1,1,0,2012,1,2006
505,16,16,18,7,1,6000000,2,0,1,0,0,0,1,1,0,2010,1,2007
506,7,8,9,5,2,15100000,3,0,1,0,0,0,1,0,1,2024,11,2002
507,8,4,9,7,5,62600000,2,0,1,1,1,1,9,1,1,2024,11,2002
508,4,3,6,15,4,14800000,3,0,0,1,1,0,2,1,1,2024,11,2008
509,3,1,4,30,2,6875000,5,0,1,0,0,0,7,1,1,2024,11,2008
510,0,0,0,1,1,30000,0,0,0,0,0,0,1,0,0,2011,2,2008
511,6,6,6,10,1,22200000,1,0,0,0,0,0,9,1,0,2024,11,2006
512,0,0,2,6,2,415000,2,1,0,0,0,0,1,1,1,2024,11,2007
513,3,3,4,16,4,27063781,4,0,1,1,1,0,3,1,1,2024,11,2007
514,3,5,5,6,1,3100000,1,0,1,0,0,0,5,1,1,2024,11,2006
515,3,3,7,13,2,33000000,4,0,1,1,0,0,2,1,0,2010,1,2007
516,5,4,10,2,3,17400000,2,0,0,0,1,0,5,1,1,2024,11,2005
517,3,5,8,17,5,28300000,4,0,1,1,1,1,2,1,1,2024,11,2005
518,2,1,6,42,4,46800000,6,0,1,1,1,0,2,1,1,2024,11,2006
519,2,2,2,5,3,1525000,2,1,0,0,0,0,2,1,1,2024,11,2010
520,0,0,1,9,1,1200000,3,0,0,0,0,0,5,1,1,2024,11,2012
521,4,3,7,6,3,12400000,4,0,1,1,0,0,1,1,1,2024,11,2005
522,4,0,0,1,1,100000,0,1,0,0,0,0,1,1,0,2012,1,2010
523,7,7,7,4,3,11000000,1,0,0,1,0,0,1,1,1,2024,11,2005
524,2,1,1,3,2,675000,1,1,0,0,0,0,1,0,1,2024,11,2011
525,2,0,0,5,2,13000000,0,0,1,1,0,0,2,1,1,2024,11,2005
526,0,1,2,5,1,3500000,2,0,0,0,0,0,2,1,1,2024,11,2010
527,4,0,0,2,1,12000000,1,0,0,0,1,0,4,1,0,2010,6,2005
528,4,0,5,10,5,78573646,4,0,1,1,1,0,4,1,1,2024,11,2007
529,6,3,3,2,3,15286415,1,1,1,0,0,0,1,0,1,2024,11,2007
530,0,1,3,5,1,3200000,3,0,1,0,0,0,1,1,1,2024,11,2008
531,0,0,0,1,1,30000,1,1,0,0,0,0,2,0,0,2012,1,2011
532,10,9,9,28,3,14650003,1,0,0,0,0,1,1,0,1,2024,11,2002
533,5,9,9,9,2,23500000,1,0,0,1,0,0,5,1,1,2024,11,2006
534,5,0,0,2,1,980000,0,0,0,0,0,0,1,0,0,2024,11,2006
535,3,0,0,0,1,20000000,0,0,0,1,0,0,3,1,0,2010,10,2007
536,0,0,0,4,1,1500000,0,1,0,0,0,0,3,0,0,2024,11,2004
537,5,6,6,0,2,8000000,1,0,1,0,0,0,1,1,1,2024,11,2008
538,4,3,4,13,4,25200000,3,0,1,1,1,1,4,1,1,2024,11,2006
539,4,7,9,21,4,61000000,2,0,1,1,1,0,3,1,1,2024,11,2006
540,4,2,5,12,4,46300000,4,0,1,1,1,0,4,1,1,2024,11,2007
541,8,5,11,15,4,24500000,5,1,0,1,1,1,4,1,1,2024,11,2006
542,1,-1,-1,1,2,7500000,1,0,1,0,0,0,1,0,0,2024,11,2006
543,3,3,7,19,1,14500000,3,0,0,0,1,0,9,1,1,2024,11,2006
544,2,1,1,1,1,29000000,1,1,0,0,0,0,5,1,0,2012,8,2009
545,3,5,5,5,3,24000000,1,0,1,1,1,0,2,1,1,2024,11,2005
546,10,8,8,2,4,81017493,1,0,0,0,1,1,5,1,1,2024,11,2005
547,2,2,5,4,2,1000000,3,0,0,0,0,0,4,1,1,2024,11,2009
548,1,2,2,14,2,12010000,2,1,1,0,0,0,2,1,1,2024,11,2011
549,3,-1,8,2,1,22000000,3,0,0,0,1,0,4,1,1,2024,11,2005
550,8,0,0,1,1,42700000,0,0,0,1,0,0,3,1,0,2001,1,2007
551,7,4,4,5,3,80000000,1,0,0,0,0,1,4,1,1,2024,11,2005
552,1,0,2,3,1,205000,3,0,0,0,0,0,7,1,1,2024,11,2011
553,1,0,3,5,1,3750000,2,0,1,0,0,0,1,1,1,2024,11,2010
554,0,1,3,11,2,41000000,2,0,1,1,0,0,1,1,0,2013,1,2010
555,2,2,4,37,2,76000000,3,0,1,0,0,0,4,1,1,2024,11,2009
556,2,3,5,9,2,20000000,2,0,1,1,0,0,1,1,1,2024,11,2006
557,3,1,4,11,2,9356180,4,0,1,1,0,0,1,1,1,2024,11,2010
558,-9,-6,-3,6,1,100000,2,0,0,0,0,0,1,0,0,2009,4,2004
559,4,4,4,9,2,13600000,2,1,0,1,1,0,3,1,1,2024,11,2009
560,1,1,4,19,1,3000000,4,0,1,0,0,0,2,1,1,2024,11,2007
561,6,0,0,4,5,21138876,0,0,1,1,0,0,2,1,0,2012,1,2006
562,0,1,2,13,4,2345000,3,0,1,0,0,0,5,1,1,2024,11,2009
563,0,2,3,7,1,4000000,4,0,1,0,0,0,1,0,0,2010,4,2005
564,5,1,3,2,2,17000000,2,0,0,0,1,0,3,1,0,2024,11,2006
565,1,1,1,8,1,1100000,1,0,0,0,0,0,8,1,1,2024,11,2010
566,0,0,0,3,4,59700,1,1,0,0,0,0,1,1,1,2024,11,2010
567,0,2,3,12,1,2350000,3,0,1,0,0,0,2,1,1,2024,11,2008
568,1,1,1,2,1,10000000,1,1,1,0,0,0,2,1,0,2010,1,2007
569,1,0,0,2,2,21189,1,0,0,0,0,0,1,1,0,2013,1,2011
570,5,7,8,7,3,28000000,2,0,1,1,1,0,2,1,1,2024,11,2006
571,3,0,0,0,1,9500000,0,0,0,0,0,0,2,0,0,2024,11,2005
572,5,2,2,5,3,69600000,1,0,0,1,0,1,7,1,1,2024,11,2005
573,6,2,7,11,3,23500000,2,1,0,1,1,0,3,1,1,2024,11,2005
574,4,6,6,6,1,13000000,1,1,0,0,0,1,4,1,1,2024,11,2006
575,3,3,3,8,2,21750000,2,0,0,1,0,0,2,1,1,2024,11,2006
576,5,0,0,0,1,5750000,0,1,0,0,1,0,4,1,0,2011,6,2005
577,1,0,0,1,2,23400000,1,1,1,1,0,0,2,1,1,2024,11,2005
578,1,0,3,4,1,4300000,3,0,1,0,0,0,2,1,0,2009,1,2008
579,4,0,0,1,2,20000000,1,0,0,0,1,0,2,1,1,2024,11,2007
580,9,5,5,16,2,51000000,1,0,0,0,1,0,3,1,1,2024,11,2008
581,10,3,3,2,4,27101994,1,0,0,1,0,0,4,1,1,2024,11,2003
582,5,4,4,6,1,6480000,1,0,0,0,0,1,3,1,1,2024,11,2006
583,2,2,4,8,2,35000000,2,0,1,1,0,0,2,1,1,2024,11,2007
584,0,0,0,5,3,11300000,2,0,0,1,1,0,1,1,0,2013,1,2006
585,0,0,0,1,1,19000,1,1,0,0,0,0,1,0,0,2013,1,2012
586,5,5,8,27,6,78500000,3,1,1,1,1,1,3,1,1,2024,11,2006
587,0,0,0,4,1,600000,0,0,0,0,0,0,2,0,0,2013,1,2012
588,6,6,6,3,2,13000000,1,1,1,1,0,0,1,1,1,2024,11,2005
589,2,2,4,7,5,43600000,3,0,1,1,1,1,3,1,0,2024,11,2005
590,3,3,5,38,5,142000000,3,0,1,1,1,1,5,1,1,2024,11,2009
591,3,2,3,6,2,2000000,2,0,1,0,0,0,1,1,1,2024,11,2010
592,4,6,6,4,3,26800000,1,0,1,1,1,0,3,1,1,2024,11,2003
593,6,0,0,2,6,55900000,1,0,1,1,1,0,3,1,0,2013,1,2007
594,2,3,7,14,2,11000000,3,0,1,1,0,0,2,1,1,2024,11,2006
595,2,3,3,19,3,31500000,1,0,1,1,1,0,3,1,1,2024,11,2009
596,3,0,4,4,1,1500000,2,1,0,0,0,0,2,0,1,2024,11,2012
597,1,0,1,5,3,900000,3,0,0,0,0,0,1,1,0,2013,1,2011
598,6,6,6,4,3,58000000,1,0,1,1,1,0,5,1,1,2024,11,2004
599,4,1,4,10,4,29050000,2,0,0,1,0,0,2,1,1,2024,11,2007
600,2,2,2,3,2,250000,2,1,0,0,0,0,1,1,1,2024,11,2011
601,3,0,0,2,1,21000000,0,0,0,0,1,0,4,1,0,2024,11,2006
602,7,0,0,25,2,35000000,0,0,1,0,0,0,3,1,1,2024,11,2004
603,0,0,0,2,1,500000,1,0,0,0,0,0,1,0,0,2012,1,2010
604,6,4,4,3,2,30920000,1,0,0,0,0,0,3,1,1,2024,11,2005
605,8,6,6,9,4,29288979,1,0,1,1,1,0,2,1,1,2024,11,2004
606,12,11,12,11,4,24200000,2,0,1,0,1,0,2,1,0,2013,1,2007
607,1,1,5,4,1,1000000,3,0,1,0,0,0,1,0,1,2024,11,2007
608,3,5,5,3,2,5550000,1,1,1,0,0,0,1,1,1,2024,11,2004
609,2,0,1,8,2,3000000,3,0,1,0,0,0,3,1,0,2024,11,2009
610,1,4,6,13,2,14300000,3,0,1,1,0,0,4,1,1,2024,11,2006
611,4,0,0,0,1,1000000,0,0,0,0,0,0,2,0,0,2024,11,2006
612,3,8,8,7,2,11000000,1,0,0,1,0,0,1,1,1,2024,11,2005
613,3,2,4,7,2,2000000,3,0,0,0,0,0,3,0,0,2024,11,2009
614,2,4,4,17,2,5000000,2,0,0,0,0,0,1,1,1,2024,11,2007
615,2,3,4,12,1,11000000,2,0,0,1,0,0,3,1,1,2024,11,2010
616,3,3,4,19,4,14100000,4,0,1,1,0,0,2,1,1,2024,11,2008
617,0,2,2,8,1,5000000,1,0,1,0,0,0,1,0,0,2009,1,2006
618,1,0,0,1,2,400000,1,1,0,0,0,0,1,0,0,2012,1,2009
619,7,4,4,4,1,10000000,1,0,0,0,1,0,1,0,1,2024,11,2007
620,4,2,2,3,3,11035000,1,0,0,1,1,0,1,1,0,2011,1,2005
621,5,8,11,9,1,12700000,2,0,0,0,0,1,4,1,1,2024,11,2005
622,3,0,0,3,2,20757182,1,0,0,1,0,0,1,1,1,2024,11,2010
623,7,10,10,5,3,27000000,1,0,0,0,0,1,6,1,1,2024,11,2005
624,3,5,6,7,1,10000000,3,0,1,0,0,0,1,0,1,2024,11,2008
625,4,0,0,4,1,26000000,0,0,0,0,0,1,4,1,0,2024,11,2005
626,4,0,0,2,2,4000000,0,1,1,0,0,0,2,1,0,2024,11,2007
627,3,-3,-3,3,2,20220000,1,0,1,1,0,0,3,1,1,2024,11,2006
628,4,6,9,7,1,10000000,3,0,0,1,0,0,4,1,1,2024,11,2005
629,3,1,4,8,2,7350000,3,0,1,1,0,0,4,1,0,2010,1,2006
630,0,0,0,1,1,50000,1,0,0,0,0,0,1,0,0,2013,1,2010
631,1,1,3,5,1,1000000,3,0,1,0,0,0,7,1,0,2024,11,2010
632,6,7,8,16,4,45000000,2,0,1,1,1,0,2,1,0,2012,1,2005
633,4,0,6,22,5,70000000,5,0,1,1,1,0,4,1,0,2024,11,2007
634,1,1,1,3,1,500000,2,1,1,0,0,0,1,1,0,2024,11,2009
635,1,0,0,6,2,500000,0,0,0,0,0,0,1,1,0,2024,11,2008
636,3,3,3,2,3,44000000,1,0,1,1,1,0,4,1,1,2024,11,2005
637,10,5,5,4,1,21000000,1,1,0,0,0,0,5,1,0,2012,4,2009
638,1,1,2,12,2,19000000,2,0,1,1,0,0,3,1,1,2024,11,2009
639,4,0,0,0,3,18700000,0,0,1,0,0,0,2,1,0,2012,1,2007
640,1,1,2,6,1,10000000,2,0,1,0,0,0,7,1,1,2024,11,2010
641,0,0,0,5,3,5900000,0,1,0,0,0,0,1,0,0,2012,4,2007
642,4,6,6,13,2,28000000,2,0,0,1,1,0,2,1,1,2024,11,2007
643,4,3,4,5,7,24300000,2,1,1,1,0,0,2,1,0,2012,1,2007
644,5,5,7,21,4,32006000,3,0,1,1,1,0,1,1,1,2024,11,2005
645,3,1,1,4,1,13400000,1,0,0,1,0,0,2,1,1,2024,11,2005
646,4,4,7,18,3,9400000,3,0,1,1,0,0,1,1,1,2024,11,2009
647,7,3,7,10,6,15324624,3,1,1,1,0,0,2,1,1,2024,11,2006
648,1,2,4,3,1,2000000,2,1,0,0,0,0,11,1,1,2024,11,2010
649,3,0,5,24,3,16000000,4,0,1,1,1,0,5,1,1,2024,11,2007
650,6,0,0,3,3,44000000,0,1,0,1,1,0,2,1,0,2013,1,2009
651,2,0,0,2,2,1175000,1,1,0,0,0,0,1,0,0,2013,1,2011
652,10,13,13,22,2,9000000,1,0,0,0,0,0,4,1,1,2024,11,2006
653,5,9,9,9,3,35150000,1,0,1,1,1,0,3,1,1,2024,11,2002
654,5,2,5,4,3,12000000,2,0,1,1,0,0,2,1,1,2024,11,2006
655,5,5,5,4,1,30000000,1,0,0,0,1,0,9,1,1,2024,11,2007
656,6,7,7,5,1,8000000,1,0,0,1,0,0,2,1,1,2024,11,2009
657,2,2,3,6,1,4100000,3,0,1,0,0,0,2,1,1,2024,11,2009
658,3,3,3,1,2,2408500,1,1,0,0,0,0,3,1,0,2013,1,2009
659,5,6,6,3,4,72000000,1,0,1,1,1,0,2,1,0,2011,1,2004
660,2,3,3,2,2,18400000,1,1,0,0,0,0,1,0,0,2024,11,2007
661,14,4,4,4,7,162264126,1,1,0,1,1,1,6,1,0,2012,1,2005
662,7,5,5,7,1,29000000,1,0,0,0,0,0,7,1,1,2024,11,2010
663,5,0,0,0,1,8700000,0,1,1,0,0,0,2,1,0,2007,1,2005
664,4,4,9,12,1,10000000,2,0,0,0,1,0,7,1,1,2024,11,2005
665,2,2,3,5,2,15000000,2,0,1,1,0,0,2,1,1,2024,11,2008
666,0,0,0,2,1,2600000,1,0,0,0,0,0,1,0,0,2024,11,2008
667,1,6,8,30,1,15000000,3,0,1,0,0,0,1,1,1,2024,11,2006
668,1,1,2,7,3,4000000,2,0,1,0,0,0,2,1,1,2024,11,2011
669,5,5,5,9,2,73000000,1,0,0,1,0,0,3,1,1,2024,11,2006
670,1,0,2,5,4,12123837,3,0,1,0,0,0,4,1,1,2024,11,2011
671,2,2,5,18,3,22400000,3,1,1,1,0,0,3,1,1,2024,11,2006
672,2,2,3,12,2,5700000,3,0,1,1,0,0,4,1,1,2024,11,2010
673,7,0,0,2,2,28500000,0,0,0,1,0,0,4,1,0,2024,11,2006
674,2,2,2,9,2,21000000,1,0,1,1,0,0,2,1,1,2024,11,2007
675,21,24,24,1,1,8000000,1,1,0,0,0,0,2,0,0,2024,11,2005
676,0,0,0,1,1,1500000,1,0,1,0,0,0,1,1,0,2010,1,2008
677,2,2,5,17,3,28300000,4,0,1,1,1,0,1,1,1,2024,11,2007
678,4,2,2,4,5,7939553,2,0,0,1,0,0,2,1,1,2024,11,2010
679,0,0,0,3,1,545000,0,0,0,0,0,0,2,1,0,2024,11,2009
680,8,5,5,10,3,15247925,1,0,0,0,1,1,1,1,1,2024,11,2005
681,2,2,4,11,3,12800000,2,0,1,1,0,0,1,1,1,2024,11,2007
682,2,0,1,1,2,950000,2,1,1,0,0,0,3,1,0,2013,1,2011
683,4,2,12,6,2,16000000,5,0,1,1,0,0,1,1,1,2024,11,2002
684,6,6,6,2,1,10000000,1,0,0,0,1,0,1,1,1,2024,11,2006
685,0,0,2,5,1,1500000,3,0,0,0,0,0,1,0,1,2024,11,2011
686,6,5,6,6,2,13000000,2,0,0,0,1,0,2,1,0,2011,1,2009
687,2,4,4,6,1,10000000,2,0,0,0,0,0,6,1,1,2024,11,2011
688,2,2,3,9,2,3915000,2,0,1,0,0,0,3,1,1,2024,11,2010
689,1,1,3,7,2,1400000,2,0,1,0,0,0,6,1,1,2024,11,2009
690,0,0,0,6,2,650000,2,1,0,0,0,0,1,1,0,2013,1,2012
691,3,0,6,5,3,9700000,4,0,1,0,0,0,1,1,0,2010,1,2007
692,3,2,2,6,1,15000000,1,0,0,0,0,1,3,1,1,2024,11,2006
693,10,10,11,18,4,38764000,3,0,1,1,0,0,2,1,1,2024,11,2005
694,6,1,4,6,8,211403000,2,0,1,1,1,0,2,1,0,2013,1,2006
695,2,3,5,8,2,20750000,3,0,1,1,0,0,2,1,1,2024,11,2010
696,1,2,3,4,2,1020000,2,0,1,0,0,0,2,1,1,2024,11,2010
697,0,2,2,6,1,13000000,1,0,1,0,0,0,4,1,0,2010,4,2007
698,3,0,2,8,2,14700000,2,0,1,0,0,0,4,1,1,2024,11,2008
699,4,3,8,19,4,33000000,4,0,1,1,1,1,1,1,1,2024,11,2006
700,5,0,0,5,1,30000000,0,0,0,0,1,0,6,1,1,2024,11,2010
701,3,2,3,10,4,33000000,3,0,1,1,1,0,4,1,0,2012,1,2006
702,0,0,0,1,1,150000,0,1,0,0,0,0,1,0,0,2013,1,2011
703,0,0,0,3,1,20000,1,0,0,0,0,0,1,0,0,2013,1,2010
704,5,0,0,2,3,30926154,0,0,0,1,0,0,3,1,0,2013,1,2011
705,0,0,0,0,1,2000000,0,0,0,0,0,0,1,0,0,2012,1,2011
706,9,2,2,2,2,19000000,1,0,0,1,0,0,3,1,0,2013,1,2007
707,6,4,4,2,3,33000000,1,0,1,1,1,0,4,1,0,2012,1,2005
708,6,4,4,1,3,15650000,1,1,0,0,0,0,1,1,1,2024,11,2006
709,7,7,10,8,3,17400000,3,0,1,1,0,0,2,1,1,2024,11,2007
710,0,0,1,5,1,154000,2,0,0,0,0,0,1,0,0,2013,1,2011
711,4,6,6,4,1,35000000,2,0,0,0,0,1,3,1,0,2011,1,2008
712,4,1,2,5,4,7516703,3,1,0,0,0,0,1,0,0,2013,1,2008
713,2,2,4,1,1,48000000,3,0,0,0,0,0,5,1,0,2011,1,2010
714,8,8,8,6,3,65800000,1,0,0,0,0,1,4,1,1,2024,11,2005
715,0,0,0,2,2,125000,1,1,0,0,0,0,1,0,0,2013,1,2013
716,0,0,3,5,1,750000,3,1,0,0,0,0,2,1,1,2024,11,2007
717,2,2,2,10,1,17000000,2,1,0,0,0,0,5,1,1,2024,11,2011
718,13,8,12,4,3,4087500,3,0,0,0,0,0,1,0,0,2013,1,2009
719,10,15,15,3,1,1000000,1,0,1,0,0,0,2,1,0,2012,1,2005
720,6,5,6,13,5,23500000,3,0,1,1,1,0,1,1,1,2024,11,2007
721,0,0,0,2,1,990000,0,0,1,0,0,0,2,0,0,2024,11,2007
722,0,3,4,13,1,1000000,2,1,1,0,0,0,3,1,1,2024,11,2008
723,5,2,6,15,4,41000000,2,0,1,1,1,0,1,1,1,2024,11,2006
724,0,0,0,3,1,7000000,0,1,1,0,0,0,1,1,0,2011,10,2008
725,2,1,1,4,2,55000000,1,0,1,1,0,0,2,1,1,2024,11,2008
726,4,4,4,10,2,69000000,2,0,1,1,0,0,3,1,1,2024,11,2011
727,7,4,7,25,8,129677153,3,0,1,1,1,1,3,1,1,2024,11,2007
728,7,0,0,4,6,232000100,0,0,1,0,1,1,3,1,1,2024,11,2008
729,1,2,4,5,2,5700000,3,0,1,0,0,0,4,1,1,2024,11,2009
730,5,4,4,3,1,10500000,1,0,0,0,0,1,4,1,1,2024,11,2007
731,3,0,0,2,2,23000000,0,0,0,0,0,0,3,1,0,2024,11,2006
732,9,0,0,13,3,14000000,0,1,1,1,0,0,3,1,1,2024,11,2006
733,1,0,0,4,2,7500000,0,0,1,0,0,0,2,1,1,2024,11,2006
734,0,0,1,12,1,1420000,3,0,1,0,0,0,16,1,1,2024,11,2009
735,2,0,2,1,2,9000000,2,1,1,0,0,0,1,1,0,2024,11,2008
736,0,0,0,3,1,500000,0,1,0,0,0,0,1,1,0,2024,11,2009
737,0,0,0,4,2,70000,2,0,0,0,0,0,1,1,1,2024,11,2012
738,1,0,0,3,2,850000,0,0,1,0,0,0,1,1,0,2009,1,2007
739,3,3,5,9,1,15000000,2,0,0,0,0,0,1,1,1,2024,11,2011
740,1,0,2,12,2,3150000,2,0,1,0,0,0,11,1,1,2024,11,2008
741,1,1,2,6,1,5500000,2,0,1,0,0,0,8,1,0,2013,6,2012
742,4,3,3,8,1,10571182,1,0,1,0,0,0,1,0,1,2024,11,2013
743,0,0,0,13,1,500000,0,0,0,0,0,0,1,0,0,2012,1,2010
744,4,0,7,12,7,24900000,3,0,1,0,0,0,3,1,1,2024,11,2006
745,2,0,3,12,2,3529175,3,0,1,0,0,0,1,0,0,2024,11,2009
746,4,3,5,15,4,23400000,3,0,1,1,1,0,2,1,1,2024,11,2008
747,7,7,11,15,1,8800000,3,0,0,0,0,1,5,1,1,2024,11,2009
748,0,0,0,2,1,1500000,1,0,0,0,0,0,6,1,0,2012,1,2010
749,9,0,0,3,7,74000000,0,0,0,0,1,1,2,1,0,2011,1,2004
750,2,7,11,3,3,8800000,2,1,1,1,0,0,1,0,1,2024,11,2001
751,4,0,10,3,2,7100000,3,0,1,0,0,0,1,1,1,2024,11,2003
752,2,2,5,8,3,3500000,6,0,1,0,0,0,1,1,1,2024,11,2007
753,1,1,2,6,1,3000000,2,0,1,0,0,0,2,1,1,2024,11,2011
754,0,0,0,5,2,11000,1,0,0,0,0,0,1,0,0,2012,1,2011
755,8,5,5,4,3,26200000,1,0,0,0,1,0,2,1,1,2024,11,2007
756,2,4,6,6,2,29000000,3,0,0,1,1,0,2,1,1,2024,11,2006
757,4,0,0,2,1,10000000,0,0,0,1,0,0,2,0,0,2024,11,2008
758,0,0,2,3,1,500000,3,0,0,0,0,0,3,1,0,2012,1,2011
759,1,1,2,3,3,11500000,3,0,1,1,0,0,1,1,1,2024,11,2008
760,3,2,3,8,5,5350000,3,0,1,0,0,0,3,1,1,2024,11,2010
761,3,5,7,27,3,11015719,4,0,1,0,0,0,2,1,0,2024,11,2006
762,1,1,3,30,3,9807367,3,0,1,0,0,0,8,1,1,2024,11,2009
763,0,0,3,8,2,2535000,2,0,1,0,0,0,5,1,1,2024,11,2010
764,8,8,8,4,3,19000000,2,0,0,1,1,0,5,1,1,2024,11,2007
765,2,1,1,4,3,475000,1,0,0,0,0,0,4,0,1,2024,11,2010
766,7,9,9,16,2,36000000,1,0,0,1,0,0,1,1,1,2024,11,2008
767,3,0,0,4,1,12000000,0,0,0,0,1,0,5,1,1,2024,11,2005
768,3,3,3,15,4,122000000,1,0,1,1,1,1,2,1,1,2024,11,2009
769,0,0,1,8,1,1750000,2,0,0,0,0,0,5,1,1,2024,11,2012
770,0,0,1,3,1,130000,2,0,0,0,0,0,1,0,1,2024,11,2010
771,10,0,0,4,3,13222860,0,1,0,0,0,0,3,1,0,2012,2,2006
772,6,5,6,10,2,2192000,3,1,0,1,0,0,3,0,0,2024,11,2009
773,5,2,2,4,1,2000000,1,0,0,0,0,0,1,1,1,2024,11,2010
774,4,6,6,11,2,9400000,2,0,1,0,0,0,2,1,1,2024,11,2008
775,7,0,0,2,4,13045000,0,0,1,1,0,0,2,1,1,2024,11,2008
776,4,0,5,8,4,10000000,3,0,1,1,1,0,1,1,1,2024,11,2006
777,1,1,1,7,1,6000000,1,0,0,1,0,0,2,1,1,2024,11,2008
778,3,4,4,3,2,2100000,1,1,0,0,0,0,2,0,0,2013,1,2008
779,0,0,1,3,2,3250000,3,1,1,0,0,0,1,1,1,2024,11,2010
780,7,0,0,1,3,148000000,0,0,0,1,0,0,3,1,0,2012,10,2006
781,9,10,10,10,2,24500000,1,0,1,0,0,0,2,1,1,2024,11,2003
782,0,1,1,4,2,72000,1,1,0,0,0,0,1,0,0,2012,1,2009
783,6,4,4,3,1,10360000,1,0,0,0,1,0,5,1,0,2008,11,2007
784,1,2,4,12,3,1310000,2,0,0,0,0,0,6,1,1,2024,11,2008
785,0,0,0,1,1,150000,1,0,0,0,0,0,1,0,0,2024,11,2010
786,9,0,9,5,3,64000000,2,0,0,1,1,0,3,1,1,2024,11,2006
787,0,0,0,2,1,250000,1,1,0,0,0,0,1,0,0,2013,1,2010
788,2,1,1,6,3,1830000,1,0,1,0,0,0,2,0,1,2024,11,2007
789,1,0,2,10,2,9800000,4,1,1,1,0,0,4,1,1,2024,11,2011
790,1,3,5,15,1,2300000,3,0,1,0,0,0,1,0,1,2024,11,2007
791,3,0,3,3,2,1310000,4,1,0,0,0,0,1,0,0,2024,11,2007
792,0,0,4,4,2,4500000,5,0,0,1,0,0,5,1,0,2011,1,2007
793,5,5,5,5,3,22000000,1,0,1,1,1,0,2,1,1,2024,11,2005
794,2,3,4,23,3,10000000,3,0,1,1,0,0,2,1,1,2024,11,2007
795,2,2,2,21,4,36500000,3,0,1,1,1,0,1,1,1,2024,11,2010
796,9,9,10,35,7,33672656,3,1,1,1,0,0,2,1,1,2024,11,2005
797,2,3,3,4,3,19000000,1,0,1,1,0,0,2,1,1,2024,11,2009
798,3,2,2,3,1,30000000,1,0,0,1,0,0,4,1,1,2024,11,2005
799,2,2,3,6,2,2250000,2,0,0,0,0,0,8,1,1,2024,11,2010
800,9,8,8,7,6,53818873,1,0,0,0,1,0,4,1,1,2024,11,2005
801,2,0,0,6,1,5500000,0,0,1,0,0,0,1,1,0,2008,7,2006
802,1,0,3,3,1,6000000,2,1,1,0,0,0,1,1,1,2024,11,2008
803,1,0,7,2,2,30150000,3,0,1,1,0,0,1,1,0,2024,11,2007
804,5,0,0,11,2,83000000,0,0,0,0,0,0,1,0,1,2024,11,2005
805,2,0,0,1,2,12000000,0,0,1,1,0,0,1,0,0,2012,9,2007
806,1,3,5,6,2,3500000,2,0,1,0,0,0,1,0,1,2024,11,2008
807,1,2,3,5,1,4000000,3,0,1,0,0,0,4,1,1,2024,11,2007
808,3,0,0,9,2,4000000,0,0,1,0,0,0,1,1,0,2024,11,2011
809,7,10,10,11,2,25000000,1,0,0,0,0,0,4,1,1,2024,11,2005
810,3,0,0,5,3,1420698,1,0,0,0,0,0,2,1,1,2024,11,2008
811,5,-3,-3,5,2,10000000,1,0,1,0,0,0,3,1,1,2024,11,2003
812,4,2,6,18,3,67000000,5,0,1,1,1,0,2,1,1,2024,11,2008
813,5,4,5,13,4,53000000,3,0,1,1,1,0,4,1,1,2024,11,2005
814,1,0,1,5,2,300000,2,0,0,1,0,0,2,1,0,2012,1,2010
815,8,6,8,4,3,1400000,2,0,0,0,0,0,1,0,1,2024,11,2007
816,4,2,7,4,2,6500000,3,0,1,0,0,0,7,1,1,2024,11,2006
817,1,2,3,8,1,5000000,3,0,1,0,0,0,1,1,1,2024,11,2010
818,5,3,6,6,2,9600000,2,1,1,0,0,0,3,1,1,2024,11,2009
819,7,3,10,9,5,58200000,3,1,1,1,1,1,1,1,1,2024,11,2000
820,3,0,4,14,3,28000000,2,0,1,1,1,0,2,1,1,2024,11,2006
821,5,5,7,10,2,30000000,3,0,0,0,0,0,1,0,1,2024,11,2009
822,2,4,5,10,2,3500000,2,0,1,0,0,0,2,0,1,2024,11,2008
823,0,-1,0,7,1,16700000,2,0,1,0,0,0,4,0,0,2012,1,2008
824,11,0,0,0,1,18000000,0,1,0,1,0,0,7,1,0,2012,8,2007
825,7,7,7,6,1,15000000,1,0,0,0,0,1,6,1,1,2024,11,2010
826,3,0,0,2,2,12000000,0,0,1,1,0,0,4,1,0,2024,11,2007
827,1,0,0,1,1,15000,1,1,0,0,0,0,1,0,0,2013,1,2011
828,1,1,2,11,1,200000,3,1,0,0,0,0,1,0,1,2024,11,2011
829,4,0,0,0,1,15000000,0,0,0,0,1,0,1,0,0,2012,4,2007
830,1,0,1,4,2,1400000,2,0,0,0,0,0,3,0,1,2024,11,2009
831,6,5,5,5,4,11400000,1,0,0,1,0,0,3,1,0,2013,1,2005
832,4,2,4,14,4,34250000,2,0,1,1,1,0,2,1,1,2024,11,2008
833,2,1,5,4,4,3800000,4,0,1,0,0,0,4,1,1,2024,11,2008
834,6,6,6,3,2,10100000,1,0,0,0,1,0,3,1,1,2024,11,2007
835,4,0,0,0,1,4000000,0,0,0,1,0,0,6,1,0,2012,1,2007
836,1,1,2,11,1,3011408,3,0,0,1,0,0,1,1,1,2024,11,2009
837,9,6,6,2,1,8000000,1,0,0,0,0,0,3,1,0,2008,9,2007
838,2,2,2,15,2,12700000,1,0,1,0,0,0,1,1,1,2024,11,2010
839,0,0,3,5,1,300000,4,0,0,0,0,0,2,0,0,2024,11,2007
840,0,-1,0,21,1,5675000,2,0,0,0,0,0,4,1,1,2024,11,2013
841,4,4,5,13,1,1000000,2,0,0,0,0,0,5,1,1,2024,11,2012
842,0,0,0,2,1,125000,0,1,0,0,0,0,1,0,0,2013,10,2008
843,0,0,1,2,2,700000,2,1,0,0,0,0,2,0,0,2013,1,2010
844,0,1,1,6,2,532000,2,1,0,0,0,0,5,1,1,2024,11,2010
845,2,4,5,8,2,8500000,3,0,1,1,0,0,1,1,1,2024,11,2005
846,3,5,9,2,1,9400000,3,1,0,1,0,0,1,1,1,2024,11,2006
847,2,1,1,3,2,350000,1,1,0,0,0,0,1,1,0,2024,11,2009
848,3,0,2,16,2,12300000,3,0,0,1,1,0,1,1,1,2024,11,2007
849,5,4,4,6,5,25413298,1,0,1,1,0,0,3,1,1,2024,11,2007
850,1,2,3,23,2,9800000,2,0,1,0,0,0,4,1,1,2024,11,2010
851,0,0,0,5,2,1015000,2,0,0,0,0,0,5,1,0,2013,1,2010
852,3,0,1,4,5,10000003,2,1,1,1,0,0,1,1,1,2024,11,2009
853,2,0,2,3,2,1750000,2,1,0,0,0,0,1,1,1,2024,11,2008
854,0,1,3,4,1,100000,2,0,0,0,0,0,3,1,1,2024,11,2010
855,1,1,2,1,1,12000000,2,0,0,0,0,0,2,1,1,2024,11,2012
856,0,0,2,16,2,11450000,3,0,0,1,0,0,8,1,1,2024,11,2010
857,0,0,0,7,1,50000,2,0,0,0,0,0,3,0,0,2024,11,2008
858,2,3,4,4,1,20000000,2,0,0,1,0,0,4,1,0,2024,11,2008
859,3,6,8,16,2,42500000,3,0,0,0,1,1,5,1,1,2024,11,2005
860,2,0,5,7,3,22487000,2,0,0,1,1,0,2,1,1,2024,11,2006
861,2,-1,4,3,1,7800000,2,0,0,0,0,0,2,1,1,2024,11,2009
862,10,3,3,8,4,59000000,1,1,0,1,1,0,6,1,1,2024,11,2004
863,2,0,2,5,1,4000000,4,1,1,0,0,0,1,1,0,2013,1,2011
864,4,1,4,6,4,71400000,3,0,1,0,0,0,2,1,1,2024,11,2010
865,4,3,3,5,3,25500000,1,0,1,1,0,0,2,1,1,2024,11,2008
866,7,5,7,28,4,28932322,3,0,0,0,1,0,2,1,1,2024,11,2010
867,5,6,6,18,6,35200000,3,0,1,1,1,0,2,1,1,2024,11,2008
868,8,8,8,2,2,10000000,1,0,0,0,1,0,2,1,0,2012,1,2005
869,3,0,3,11,3,22100000,4,0,1,1,0,0,2,1,1,2024,11,2008
870,9,1,1,4,5,33000000,1,0,0,1,1,1,2,1,1,2024,11,2004
871,6,6,6,9,1,15000000,1,0,0,0,0,0,3,1,1,2024,11,2007
872,9,6,6,6,3,13000000,1,0,0,0,0,1,3,1,1,2024,11,2006
873,3,2,2,5,2,12800000,1,0,1,1,0,0,2,1,1,2024,11,2005
874,3,3,6,6,2,626096,3,0,1,0,0,0,1,1,0,2024,11,2008
875,3,4,4,12,4,20350000,3,0,1,1,0,0,3,1,1,2024,11,2008
876,5,2,2,1,1,10000000,1,0,0,0,0,0,3,1,0,2012,5,2009
877,0,0,2,5,1,425000,3,0,0,0,0,0,2,1,1,2024,11,2011
878,7,5,5,5,3,37891054,1,0,0,1,1,0,3,1,1,2024,11,2008
879,7,6,6,9,5,40000000,1,0,1,1,1,0,4,1,1,2024,11,2005
880,2,2,4,10,3,5550000,4,0,1,1,0,0,3,1,1,2024,11,2008
881,0,0,2,3,1,770000,3,0,0,0,0,0,6,1,1,2024,11,2010
882,4,0,0,0,4,19550000,0,0,1,0,0,0,1,1,0,2012,1,2006
883,2,2,2,6,2,4000000,1,0,0,0,0,0,1,0,1,2024,11,2009
884,5,6,9,14,4,42000000,4,1,1,1,1,0,2,1,1,2024,11,2005
885,3,0,0,0,1,1900000,0,1,1,0,0,0,1,1,0,2010,5,2008
886,2,2,3,21,3,45039999,3,0,1,1,1,0,3,1,1,2024,11,2010
887,4,5,5,1,1,1310000,1,0,0,0,0,0,4,1,0,2013,1,2010
888,7,7,7,3,1,3000000,1,1,1,0,0,0,3,0,1,2024,11,2008
889,3,2,3,9,4,36000000,3,0,1,1,1,1,3,1,1,2024,11,2008
890,0,1,1,3,1,3000000,1,0,0,0,0,0,1,0,1,2024,11,2010
891,0,0,5,1,1,1300000,3,0,0,0,0,0,8,1,0,2008,11,2008
892,9,9,9,1,1,50000,1,1,0,0,0,0,1,0,0,2012,3,2006
893,6,5,7,15,1,6500000,3,0,1,0,0,0,8,1,1,2024,11,2012
894,1,0,2,5,2,4600000,2,0,1,0,0,0,9,1,1,2024,11,2011
895,6,2,6,5,3,21900000,2,0,1,1,0,0,1,1,1,2024,11,2007
896,0,1,1,6,1,240000,1,0,0,0,0,0,2,1,1,2024,11,2008
897,5,5,5,17,4,34700000,1,0,1,1,0,0,2,1,1,2024,11,2005
898,5,3,6,4,4,33000000,2,1,1,1,1,0,5,1,1,2024,11,2005
899,2,0,2,3,2,1800000,2,0,0,0,0,0,5,1,0,2013,8,2011
900,3,3,5,14,3,27300000,4,1,1,1,1,0,3,1,1,2024,11,2006
901,5,3,3,6,2,6760000,2,0,0,0,0,0,1,1,0,2012,1,2010
902,6,0,10,24,3,26914000,3,0,1,1,1,0,6,1,1,2024,11,2000
903,3,0,0,1,1,27500000,0,0,0,0,1,0,7,1,1,2024,11,2005
904,4,0,0,4,1,9000000,0,0,0,0,0,1,2,1,0,2024,11,2007
905,4,-7,-7,3,1,954000,1,0,0,0,0,0,1,0,0,2011,1,2010
906,8,0,0,4,3,53000000,0,0,0,0,1,1,4,1,1,2024,11,2005
907,6,6,8,17,4,23100000,3,0,1,1,1,0,2,1,1,2024,11,2006
908,6,6,7,28,4,108900000,2,0,1,1,1,0,7,1,1,2024,11,2007
909,3,3,7,26,4,55000000,5,0,1,1,1,1,2,1,1,2024,11,2005
910,2,1,4,9,2,5686383,3,0,1,0,0,0,2,0,1,2024,11,2010
911,8,6,6,4,6,49008830,1,0,1,0,1,0,3,1,0,2013,1,2008
912,3,0,0,10,3,32200000,0,0,1,1,1,0,4,1,1,2024,11,2006
913,1,7,7,3,1,2000000,1,0,1,0,0,0,1,0,0,2010,5,2008
914,3,3,4,5,1,2700000,2,0,1,0,0,0,2,1,1,2024,11,2010
915,5,3,8,6,1,2000000,2,1,1,0,0,0,2,0,0,2012,2,2010
916,3,2,5,16,3,18000000,3,0,1,1,0,0,2,1,1,2024,11,2006
917,8,8,8,9,5,122500000,2,1,0,0,1,1,5,1,1,2024,11,2005
918,0,0,4,9,1,1100000,2,0,1,0,0,0,6,1,1,2024,11,2009
919,9,6,6,1,3,52000000,1,0,0,1,0,0,2,1,0,2024,11,2005
920,8,9,9,5,1,44000000,1,0,0,0,0,1,8,1,0,2024,11,2007
921,2,0,3,12,2,15500000,2,0,1,1,0,0,1,1,1,2024,11,2009
922,3,4,4,4,1,20000000,1,0,0,1,0,0,3,1,1,2024,11,2006
